"Reference","Value","Datasheet","Footprint","Qty","DNP"
"C1,C2,C3,C4","0.1uF","~","Capacitor_SMD:C_0504_1310Metric","4",""
"D1,D2","LED","~","LED_SMD:LED_0201_0603Metric","2",""
"J1","Conn_01x06","~","Connector_Molex:Molex_KK-254_AE-6410-06A_1x06_P2.54mm_Vertical","1",""
"P2","USB_C_Plug_USB2.0","https://www.usb.org/sites/default/files/documents/usb_type-c.zip","Connector_USB:USB_C_Receptacle_GCT_USB4135-GF-A_6P_TopMnt_Horizontal","1",""
"R1,R2","5.1k","~","Resistor_SMD:R_0603_1608Metric","2",""
"R3","1k","~","Resistor_SMD:R_0603_1608Metric","1",""
"R4","R_US","~","Resistor_SMD:R_0603_1608Metric","1",""
"U1","AP2112K-1.2","https://www.diodes.com/assets/Datasheets/AP2112.pdf","Package_TO_SOT_SMD:SOT-23-5","1",""
"U2","CH340C","https://datasheet.lcsc.com/szlcsc/Jiangsu-Qin-Heng-CH340C_C84681.pdf","Package_SO:SOIC-16_3.9x9.9mm_P1.27mm","1",""
